<?xml version="1.0" encoding="UTF-8"?>
<beans xmlns="http://www.springframework.org/schema/beans"
	xmlns:xsi="http://www.w3.org/2001/XMLSchema-instance"
	xsi:schemaLocation="http://www.springframework.org/schema/beans https://www.springframework.org/schema/beans/spring-beans.xsd">
	
	<!-- Root Context: defines shared resources visible to all other web components -->

			<!-- 		2025.04.10 메일보내기 기본환결설정 추가 성유리 -->
<!-- 	  <bean id="mailSender" class="org.springframework.mail.javamail.JavaMailSenderImpl">
        <property name="host" value="smtp.naver.com" />
        <property name="port" value="465" />    
        <property name="username" value="{메일을 보낼 메일 아이디}" />
        <property name="password" value="{메일 비밀번호}" />
        <property name="defaultEncoding" value="utf-8" />
        
        <property name="javaMailProperties">
            <props>
                <prop key="mail.smtp.starttls.enable">true</prop>
                <prop key="mail.smtp.auth">true</prop>
                <prop key="mail.smtps.ssl.checkserveridentity">true</prop>
                <prop key="mail.smtps.ssl.trust">*</prop>
                <prop key="mail.debug">true</prop>
                <prop key="mail.smtp.socketFactory.class">javax.net.ssl.SSLSocketFactory</prop>
            </props>
        </property>
    </bean>
 -->
		
</beans>
